date,referrer,views,uniques
2026-07-24,reddit.com,2,1
2026-07-25,reddit.com,2,1
2026-07-26,reddit.com,2,1
2026-07-27,reddit.com,2,1
2026-07-28,reddit.com,2,1
2026-07-29,reddit.com,2,1
2026-07-30,reddit.com,2,1
2026-07-31,reddit.com,2,1
2026-08-01,reddit.com,2,1
2026-08-02,reddit.com,2,1
2026-08-03,reddit.com,2,1
2026-08-04,reddit.com,2,1
2026-08-05,reddit.com,2,1
2026-08-06,reddit.com,2,1
2026-08-07,reddit.com,2,1
2026-08-13,github.com,1,1
2026-08-14,github.com,1,1
2026-08-15,github.com,7,2
