date,views,uniques
2026-05-28,0,0
2026-05-29,0,0
2026-05-30,0,0
2026-05-31,0,0
2026-06-01,0,0
2026-06-02,0,0
2026-06-03,0,0
2026-06-04,0,0
2026-06-05,0,0
2026-06-06,0,0
2026-06-07,0,0
2026-06-08,0,0
2026-06-09,0,0
2026-06-10,0,0
2026-07-02,0,0
2026-07-03,0,0
2026-07-04,0,0
2026-07-05,0,0
2026-07-06,0,0
2026-07-07,0,0
2026-07-08,0,0
2026-07-09,0,0
2026-07-10,0,0
2026-07-11,0,0
2026-07-12,0,0
2026-07-13,0,0
2026-07-14,0,0
2026-07-15,0,0
2026-07-16,0,0
2026-07-17,0,0
2026-07-18,0,0
